{
    "NiO": {
        "eps": 5.25,
        "wTO": [393.7],
        "gTO": [10.8],
        "wLO": [584.7],
        "gLO": [10.8],
        "reference": "Schumann'22",
        "name": "NiO"
    },
    "BaO": {
        "eps": 3.7,
        "wTO": [145.0],
        "gTO": [46.0],
        "wLO": [422.0],
        "gLO": [56.0],
        "reference": "Goian'18",
        "name": "BaO"
    },
    "BaO_2": {
        "eps": 3.7,
        "wTO": [145.0],
        "gTO": [46.0],
        "wLO": [414.0],
        "gLO": [56.0],
        "reference": "...",
        "name": "BaO"
    },
    "Willet": {
        "eps": 4.12,
        "wTO": [188.0, 427.0, 495.72, 650.79, 708.2],
        "gTO": [0.4,   5.0,    3.8,   22.5,    55.3],
        "wLO": [276.4, 596.1, 495.5,  744.1,  702.2],
        "gLO": [3.7,    7.2,   3.8,   12.1,    66.0],
        "reference": "Willet-Gies'14",
        "name": "LaAlO_3"
    },
    "STO": {
        "eps": 5.14285,
        "wTO": [ 98.0    , 174.367  , 548.821  ],
        "gTO": [ 62.488  ,   9.89216,  25.0    ],
        "wLO": [171.679  , 475.624  , 817.369  ],
        "gLO": [  6.11124,  29.9772 ,  60.0    ],
        "reference": "Crandles'99",
        "name": "SrTiO_3"
    },
    "Crandles99_2e18_80K": {
        "eps": 5.16,
        "wTO": [ 50.5  , 174.2 , 548.9  ],
        "gTO": [ 16    ,   6.0 ,  10.0  ],
        "wLO": [171.56 , 481.0 , 805.7  ],
        "gLO": [  4.8  ,  5.35 ,  29.0  ],
        "reference": "Crandles'99 2e18 80K",
        "name": "SrTiO_3"
    },
    "Crandles99_2e18_300K": {
        "eps": 5.14,
        "wTO": [93.9831, 173.175,  543.346 ],
        "gTO": [25.8272,  8.42197, 17.5385 ],
        "wLO": [169.788, 474.634,  795.385 ],
        "gLO": [ 4.9,     7.07977, 28.3571 ],
        "reference": "Crandles'99 2e18 300K",
        "name": "SrTiO_3"
    },
    "Crandles99_2e19_80K": {
        "eps": 5.1,
        "wTO": [50.0211, 173.071,  548.723],
        "gTO": [34.8738, 5.00001,     10.0],
        "wLO": [ 170.94, 493.881,  823.411],
        "gLO": [4.69999, 15.3783,  52.6903],
        "reference": "Crandles'99 2e19 80K",
        "name": "SrTiO_3"
    },
    "Gervais": {
        "eps": 5.2,
        "wTO": [ 88.5533 , 175.999  , 543.0    ],
        "gTO": [ 27.9999 ,   5.99999,  18.7496 ],
        "wLO": [171.967  , 475.999  , 796.556  ],
        "gLO": [  3.09999,   4.62163,  25.0    ],
        "reference": "Gervais'93",
        "comment": "300 K",
        "name": "SrTiO_3"
    },
    "Gervais_doped": {
        "eps": 5.01,
        "wTO": [ 93.0   , 175.99  , 547.99  ],
        "gTO": [ 42.874 ,   8.9935,  18.999 ],
        "wLO": [172.79  , 472.53  , 795.0   ],
        "gLO": [  4.1918,   9.9999,  26.0   ],
        "reference": "Gervais'93",
        "comment": "300 K",
        "name": "SrTiO_3"
    },
	    "J0B04": {
        "eps": 5.2,
        "wTO": [60,    171.8, 531.97],
        "gTO": [80,    30,    17.706],
        "wLO": [170.9, 481,   814.92],
        "gLO": [53.6,  13.3 , 36.497],
        "reference": "Fit to J0B04",
        "name": "SrTiO_3"
    },
    "STO_DEG1": {
        "eps": 5.14285,
        "wTO": [ 98.0    , 174.367  , 548.821, 0.0  ],
        "gTO": [ 62.488  ,   9.89216,  25.0  , -100 ],
        "wLO": [171.679  , 475.624  , 817.369, 200  ],
        "gLO": [  6.11124,  29.9772 ,  60.0  , 0.0  ],
        "reference": "not working",
        "name": "SrTiO_3"
    },
    "BTO": {
        "eps": 5.1295,
        "wTO": [177.4    , 272.84   , 506.379],
        "gTO": [ 1.9262  ,  93.3091 ,  42.60 ],
        "wLO": [184.003  , 470.972  , 739.651],
        "gLO": [  9.718  ,  14.31   ,  33.044],
        "reference": "BTO323",
        "name": "BaTiO_3"
    },
    "KTO": {
        "eps": 5.12878,
        "wTO": [91.0, 201.0, 548.0, 710.0, 752.0],
        "gTO": [6.5,   6.0,   13.0, 130.0, 20.0],
        "wLO": [186.0, 423.0,701.0, 750.0, 821.0],
        "gLO": [6.0,   6.5,  130.0,  20.0,  13.0],
        "reference": "Jandl'91",
        "name": "KTaO_3"
    },
    "Massa97": {
        "eps": 5.12878,
        "wTO": [1317.9,    0.0,  181.8,  209.9,  330.5],
        "gTO": [1500.5, 1170.0,  185.1,  321.8,  391.5],
        "wLO": [1618.5,  900.3,   12.8,  829.7,   49.3],
        "gLO": [3967.7,  689.4,    5.0,   41.9,   85.9],
        "reference": "Massa'97",
        "name": "NdNiO_3"
    },
    "Massa97_77K": {
        "eps": 5.12878,
        "wTO": [ 398.0,  430.4,  470.0,  561.1,  729.9,    0.0],
        "gTO": [ 428.8,  435.8,  542.1,  567.8, 1108.5,  146.6],
        "wLO": [ 149.2,   31.5,  254.5,  107.3, 1155.6, 1705.3],
        "gLO": [ 887.6,   28.0,  290.8,  110.8, 1504.6, 2087.1],
        "reference": "Massa'97",
        "name": "NdNiO_3"
    },
	"BTO": {
        "eps": 5.1295,
        "wTO": [177.4    , 272.84   , 506.379],
        "gTO": [ 1.9262  ,  93.3091 ,  42.60 ],
        "wLO": [184.003  , 470.972  , 739.651],
        "gLO": [  9.718  ,  14.31   ,  33.044],
        "reference": "BTO323",
        "name": "BaTiO_3"
    },
    "S2R1O4": {
        "eps": 5.5,
        "wTO": [195,  369,     412.5,    466 ],
        "gTO": [9.2,   18,      17.1,     18 ],
        "wLO": [250, 400,       450,    600],
        "gLO": [9.2,   18,      17.1,     18 ],
        "reference": "Farbe der Ruthenate",
        "name": "SRO-214"
    },
    "Ag": {
        "eps": 1.0,
        "wTO": [-31460.0],
        "gTO": [-161.0],
        "wLO": [1],
        "gLO": [1],
        "reference": "Irani'71, Ehrenreich'62, Furtak'75",
        "name": "Silver"
    },
    "Pt": {
        "eps": 1.0,
        "wTO": [-185541.0],
        "gTO": [-16134.0],
        "wLO": [1],
        "gLO": [1],
        "reference": "Weaver'75, Seignac'72",
        "name": "Platinum"
    },
    "test": {
        "eps": 5.25,
        "wTO": [493.7,	-10.0],
        "gTO": [10.8, 	-5.0],
        "wLO": [584.7, 	1],
        "gLO": [10.8, 	1],
        "reference": "for playing",
        "name": "test"
    },
    "Vacuum": {
        "eps": 1.0,
        "wTO": [1000],
        "gTO": [100],
        "wLO": [1001],
        "gLO": [100],
        "reference": "...",
        "name": "vacuum"
    }
}


